"TIME","GEO","GEO_LABEL","INDIC_DE","INDIC_DE_LABEL","TERRTYPO","TERRTYPO_LABEL","Value","Flag and Footnotes"
"2011","BE","Belgium","JAN","Population on 1 January - total ","URB","Predominantly urban regions","5,844,464","b"
"2011","BG","Bulgaria","JAN","Population on 1 January - total ","URB","Predominantly urban regions","1,291,795",""
"2011","CZ","Czech Republic","JAN","Population on 1 January - total ","URB","Predominantly urban regions","2,499,023",""
"2011","DK","Denmark","JAN","Population on 1 January - total ","URB","Predominantly urban regions","1,209,627",""
"2011","DE","Germany (until 1990 former territory of the FRG)","JAN","Population on 1 January - total ","URB","Predominantly urban regions","34,221,572","b"
"2011","EE","Estonia","JAN","Population on 1 January - total ","URB","Predominantly urban regions","562,230",""
"2011","IE","Ireland","JAN","Population on 1 January - total ","URB","Predominantly urban regions","1,261,332",""
"2011","EL","Greece","JAN","Population on 1 January - total ","URB","Predominantly urban regions","5,132,559",""
"2011","ES","Spain","JAN","Population on 1 January - total ","URB","Predominantly urban regions","29,109,757",""
"2011","FR","France","JAN","Population on 1 January - total ","URB","Predominantly urban regions","21,915,260",""
"2011","HR","Croatia","JAN","Population on 1 January - total ","URB","Predominantly urban regions","789,655",""
"2011","IT","Italy","JAN","Population on 1 January - total ","URB","Predominantly urban regions","28,116,364",""
"2011","CY","Cyprus","JAN","Population on 1 January - total ","URB","Predominantly urban regions",":",""
"2011","LV","Latvia","JAN","Population on 1 January - total ","URB","Predominantly urban regions","1,031,370",""
"2011","LT","Lithuania","JAN","Population on 1 January - total ","URB","Predominantly urban regions","811,515",""
"2011","LU","Luxembourg","JAN","Population on 1 January - total ","URB","Predominantly urban regions",":",""
"2011","HU","Hungary","JAN","Population on 1 January - total ","URB","Predominantly urban regions","1,733,685",""
"2011","MT","Malta","JAN","Population on 1 January - total ","URB","Predominantly urban regions","414,989",""
"2011","NL","Netherlands","JAN","Population on 1 January - total ","URB","Predominantly urban regions","12,255,627",""
"2011","AT","Austria","JAN","Population on 1 January - total ","URB","Predominantly urban regions","2,574,856",""
"2011","PL","Poland","JAN","Population on 1 January - total ","URB","Predominantly urban regions","9,708,389",""
"2011","PT","Portugal","JAN","Population on 1 January - total ","URB","Predominantly urban regions","4,851,801",""
"2011","RO","Romania","JAN","Population on 1 January - total ","URB","Predominantly urban regions","2,624,072",""
"2011","SI","Slovenia","JAN","Population on 1 January - total ","URB","Predominantly urban regions",":",""
"2011","SK","Slovakia","JAN","Population on 1 January - total ","URB","Predominantly urban regions","599,931",""
"2011","FI","Finland","JAN","Population on 1 January - total ","URB","Predominantly urban regions","1,532,309",""
"2011","SE","Sweden","JAN","Population on 1 January - total ","URB","Predominantly urban regions","4,652,920",""
"2011","UK","United Kingdom","JAN","Population on 1 January - total ","URB","Predominantly urban regions",":",""
"2011","IS","Iceland","JAN","Population on 1 January - total ","URB","Predominantly urban regions","202,341",""
"2011","LI","Liechtenstein","JAN","Population on 1 January - total ","URB","Predominantly urban regions","36,149",""
"2011","NO","Norway","JAN","Population on 1 January - total ","URB","Predominantly urban regions","1,438,949",""
"2011","CH","Switzerland","JAN","Population on 1 January - total ","URB","Predominantly urban regions","4,759,184","b"
"2011","MK","Former Yugoslav Republic of Macedonia, the","JAN","Population on 1 January - total ","URB","Predominantly urban regions","1,274,617",""
"2011","TR","Turkey","JAN","Population on 1 January - total ","URB","Predominantly urban regions","24,156,090",""
"2012","BE","Belgium","JAN","Population on 1 January - total ","URB","Predominantly urban regions","5,904,227",""
"2012","BG","Bulgaria","JAN","Population on 1 January - total ","URB","Predominantly urban regions","1,296,615",""
"2012","CZ","Czech Republic","JAN","Population on 1 January - total ","URB","Predominantly urban regions","2,521,009",""
"2012","DK","Denmark","JAN","Population on 1 January - total ","URB","Predominantly urban regions","1,224,892",""
"2012","DE","Germany (until 1990 former territory of the FRG)","JAN","Population on 1 January - total ","URB","Predominantly urban regions","34,408,784",""
"2012","EE","Estonia","JAN","Population on 1 January - total ","URB","Predominantly urban regions","566,741",""
"2012","IE","Ireland","JAN","Population on 1 January - total ","URB","Predominantly urban regions","1,262,487",""
"2012","EL","Greece","JAN","Population on 1 January - total ","URB","Predominantly urban regions","5,100,980",""
"2012","ES","Spain","JAN","Population on 1 January - total ","URB","Predominantly urban regions","29,234,035",""
"2012","FR","France","JAN","Population on 1 January - total ","URB","Predominantly urban regions","22,037,730","p"
"2012","HR","Croatia","JAN","Population on 1 January - total ","URB","Predominantly urban regions","791,883",""
"2012","IT","Italy","JAN","Population on 1 January - total ","URB","Predominantly urban regions","28,150,770",""
"2012","CY","Cyprus","JAN","Population on 1 January - total ","URB","Predominantly urban regions",":",""
"2012","LV","Latvia","JAN","Population on 1 January - total ","URB","Predominantly urban regions","1,019,981",""
"2012","LT","Lithuania","JAN","Population on 1 January - total ","URB","Predominantly urban regions","805,915",""
"2012","LU","Luxembourg","JAN","Population on 1 January - total ","URB","Predominantly urban regions",":",""
"2012","HU","Hungary","JAN","Population on 1 January - total ","URB","Predominantly urban regions","1,727,495","b"
"2012","MT","Malta","JAN","Population on 1 January - total ","URB","Predominantly urban regions","417,546",""
"2012","NL","Netherlands","JAN","Population on 1 January - total ","URB","Predominantly urban regions","12,324,207",""
"2012","AT","Austria","JAN","Population on 1 January - total ","URB","Predominantly urban regions","2,595,224",""
"2012","PL","Poland","JAN","Population on 1 January - total ","URB","Predominantly urban regions","9,700,615",""
"2012","PT","Portugal","JAN","Population on 1 January - total ","URB","Predominantly urban regions","4,850,277",""
"2012","RO","Romania","JAN","Population on 1 January - total ","URB","Predominantly urban regions","2,598,819","b"
"2012","SI","Slovenia","JAN","Population on 1 January - total ","URB","Predominantly urban regions",":",""
"2012","SK","Slovakia","JAN","Population on 1 January - total ","URB","Predominantly urban regions","606,537",""
"2012","FI","Finland","JAN","Population on 1 January - total ","URB","Predominantly urban regions","1,549,058",""
"2012","SE","Sweden","JAN","Population on 1 January - total ","URB","Predominantly urban regions","4,706,039",""
"2012","UK","United Kingdom","JAN","Population on 1 January - total ","URB","Predominantly urban regions",":",""
"2012","IS","Iceland","JAN","Population on 1 January - total ","URB","Predominantly urban regions","203,594",""
"2012","LI","Liechtenstein","JAN","Population on 1 January - total ","URB","Predominantly urban regions","36,475",""
"2012","NO","Norway","JAN","Population on 1 January - total ","URB","Predominantly urban regions","1,467,489",""
"2012","CH","Switzerland","JAN","Population on 1 January - total ","URB","Predominantly urban regions","4,813,015",""
"2012","MK","Former Yugoslav Republic of Macedonia, the","JAN","Population on 1 January - total ","URB","Predominantly urban regions","1,278,422","p"
"2012","TR","Turkey","JAN","Population on 1 January - total ","URB","Predominantly urban regions","24,694,491",""
"2013","BE","Belgium","JAN","Population on 1 January - total ","URB","Predominantly urban regions","5,946,907",""
"2013","BG","Bulgaria","JAN","Population on 1 January - total ","URB","Predominantly urban regions","1,302,316",""
"2013","CZ","Czech Republic","JAN","Population on 1 January - total ","URB","Predominantly urban regions","2,538,596",""
"2013","DK","Denmark","JAN","Population on 1 January - total ","URB","Predominantly urban regions","1,242,351",""
"2013","DE","Germany (until 1990 former territory of the FRG)","JAN","Population on 1 January - total ","URB","Predominantly urban regions","34,624,469",""
"2013","EE","Estonia","JAN","Population on 1 January - total ","URB","Predominantly urban regions","567,967",""
"2013","IE","Ireland","JAN","Population on 1 January - total ","URB","Predominantly urban regions","1,262,489",""
"2013","EL","Greece","JAN","Population on 1 January - total ","URB","Predominantly urban regions","5,043,078",""
"2013","ES","Spain","JAN","Population on 1 January - total ","URB","Predominantly urban regions","29,211,605",""
"2013","FR","France","JAN","Population on 1 January - total ","URB","Predominantly urban regions","22,176,635",""
"2013","HR","Croatia","JAN","Population on 1 January - total ","URB","Predominantly urban regions","794,101",""
"2013","IT","Italy","JAN","Population on 1 January - total ","URB","Predominantly urban regions","28,302,332",""
"2013","CY","Cyprus","JAN","Population on 1 January - total ","URB","Predominantly urban regions",":",""
"2013","LV","Latvia","JAN","Population on 1 January - total ","URB","Predominantly urban regions","1,013,602",""
"2013","LT","Lithuania","JAN","Population on 1 January - total ","URB","Predominantly urban regions","806,308",""
"2013","LU","Luxembourg","JAN","Population on 1 January - total ","URB","Predominantly urban regions",":",""
"2013","HU","Hungary","JAN","Population on 1 January - total ","URB","Predominantly urban regions","1,735,711",""
"2013","MT","Malta","JAN","Population on 1 January - total ","URB","Predominantly urban regions","421,364",""
"2013","NL","Netherlands","JAN","Population on 1 January - total ","URB","Predominantly urban regions","12,371,234",""
"2013","AT","Austria","JAN","Population on 1 January - total ","URB","Predominantly urban regions","2,626,559",""
"2013","PL","Poland","JAN","Population on 1 January - total ","URB","Predominantly urban regions","9,690,257",""
"2013","PT","Portugal","JAN","Population on 1 January - total ","URB","Predominantly urban regions","4,831,776",""
"2013","RO","Romania","JAN","Population on 1 January - total ","URB","Predominantly urban regions","2,597,842",""
"2013","SI","Slovenia","JAN","Population on 1 January - total ","URB","Predominantly urban regions",":",""
"2013","SK","Slovakia","JAN","Population on 1 January - total ","URB","Predominantly urban regions","612,682",""
"2013","FI","Finland","JAN","Population on 1 January - total ","URB","Predominantly urban regions","1,566,835",""
"2013","SE","Sweden","JAN","Population on 1 January - total ","URB","Predominantly urban regions","4,759,438",""
"2013","UK","United Kingdom","JAN","Population on 1 January - total ","URB","Predominantly urban regions",":",""
"2013","IS","Iceland","JAN","Population on 1 January - total ","URB","Predominantly urban regions","205,675",""
"2013","LI","Liechtenstein","JAN","Population on 1 January - total ","URB","Predominantly urban regions","36,838",""
"2013","NO","Norway","JAN","Population on 1 January - total ","URB","Predominantly urban regions","1,493,120",""
"2013","CH","Switzerland","JAN","Population on 1 January - total ","URB","Predominantly urban regions","4,863,284",""
"2013","MK","Former Yugoslav Republic of Macedonia, the","JAN","Population on 1 January - total ","URB","Predominantly urban regions","1,282,376",""
"2013","TR","Turkey","JAN","Population on 1 January - total ","URB","Predominantly urban regions","25,066,959",""
"2014","BE","Belgium","JAN","Population on 1 January - total ","URB","Predominantly urban regions","5,955,455","b"
"2014","BG","Bulgaria","JAN","Population on 1 January - total ","URB","Predominantly urban regions","1,309,634",""
"2014","CZ","Czech Republic","JAN","Population on 1 January - total ","URB","Predominantly urban regions","2,545,537",""
"2014","DK","Denmark","JAN","Population on 1 January - total ","URB","Predominantly urban regions","1,258,855",""
"2014","DE","Germany (until 1990 former territory of the FRG)","JAN","Population on 1 January - total ","URB","Predominantly urban regions","34,838,450",""
"2014","EE","Estonia","JAN","Population on 1 January - total ","URB","Predominantly urban regions","572,103",""
"2014","IE","Ireland","JAN","Population on 1 January - total ","URB","Predominantly urban regions","1,271,557","p"
"2014","EL","Greece","JAN","Population on 1 January - total ","URB","Predominantly urban regions","4,987,439",""
"2014","ES","Spain","JAN","Population on 1 January - total ","URB","Predominantly urban regions","29,107,007",""
"2014","FR","France","JAN","Population on 1 January - total ","URB","Predominantly urban regions","22,334,733",""
"2014","HR","Croatia","JAN","Population on 1 January - total ","URB","Predominantly urban regions","796,866",""
"2014","IT","Italy","JAN","Population on 1 January - total ","URB","Predominantly urban regions","29,047,505",""
"2014","CY","Cyprus","JAN","Population on 1 January - total ","URB","Predominantly urban regions",":",""
"2014","LV","Latvia","JAN","Population on 1 January - total ","URB","Predominantly urban regions","1,010,406",""
"2014","LT","Lithuania","JAN","Population on 1 January - total ","URB","Predominantly urban regions","806,106",""
"2014","LU","Luxembourg","JAN","Population on 1 January - total ","URB","Predominantly urban regions",":",""
"2014","HU","Hungary","JAN","Population on 1 January - total ","URB","Predominantly urban regions","1,744,665",""
"2014","MT","Malta","JAN","Population on 1 January - total ","URB","Predominantly urban regions","425,384",""
"2014","NL","Netherlands","JAN","Population on 1 January - total ","URB","Predominantly urban regions","12,421,000",""
"2014","AT","Austria","JAN","Population on 1 January - total ","URB","Predominantly urban regions","2,660,522",""
"2014","PL","Poland","JAN","Population on 1 January - total ","URB","Predominantly urban regions","9,675,533",""
"2014","PT","Portugal","JAN","Population on 1 January - total ","URB","Predominantly urban regions","4,809,821",""
"2014","RO","Romania","JAN","Population on 1 January - total ","URB","Predominantly urban regions","2,595,057","e"
"2014","SI","Slovenia","JAN","Population on 1 January - total ","URB","Predominantly urban regions",":",""
"2014","SK","Slovakia","JAN","Population on 1 January - total ","URB","Predominantly urban regions","618,380",""
"2014","FI","Finland","JAN","Population on 1 January - total ","URB","Predominantly urban regions","1,585,473",""
"2014","SE","Sweden","JAN","Population on 1 January - total ","URB","Predominantly urban regions","4,820,509",""
"2014","UK","United Kingdom","JAN","Population on 1 January - total ","URB","Predominantly urban regions","47,982,891",""
"2014","IS","Iceland","JAN","Population on 1 January - total ","URB","Predominantly urban regions","208,752",""
"2014","LI","Liechtenstein","JAN","Population on 1 January - total ","URB","Predominantly urban regions","37,129",""
"2014","NO","Norway","JAN","Population on 1 January - total ","URB","Predominantly urban regions","1,516,059",""
"2014","CH","Switzerland","JAN","Population on 1 January - total ","URB","Predominantly urban regions","4,927,155",""
"2014","MK","Former Yugoslav Republic of Macedonia, the","JAN","Population on 1 January - total ","URB","Predominantly urban regions","1,286,290",""
"2014","TR","Turkey","JAN","Population on 1 January - total ","URB","Predominantly urban regions","25,544,393",""
"2015","BE","Belgium","JAN","Population on 1 January - total ","URB","Predominantly urban regions","5,988,896",""
"2015","BG","Bulgaria","JAN","Population on 1 January - total ","URB","Predominantly urban regions","1,316,557",""
"2015","CZ","Czech Republic","JAN","Population on 1 January - total ","URB","Predominantly urban regions","2,574,378",""
"2015","DK","Denmark","JAN","Population on 1 January - total ","URB","Predominantly urban regions","1,275,332",""
"2015","DE","Germany (until 1990 former territory of the FRG)","JAN","Population on 1 January - total ","URB","Predominantly urban regions","35,111,368",""
"2015","EE","Estonia","JAN","Population on 1 January - total ","URB","Predominantly urban regions","570,379","b"
"2015","IE","Ireland","JAN","Population on 1 January - total ","URB","Predominantly urban regions","1,297,615","p"
"2015","EL","Greece","JAN","Population on 1 January - total ","URB","Predominantly urban regions","4,939,937",""
"2015","ES","Spain","JAN","Population on 1 January - total ","URB","Predominantly urban regions","29,113,780",""
"2015","FR","France","JAN","Population on 1 January - total ","URB","Predominantly urban regions","22,478,588","p"
"2015","HR","Croatia","JAN","Population on 1 January - total ","URB","Predominantly urban regions","799,999",""
"2015","IT","Italy","JAN","Population on 1 January - total ","URB","Predominantly urban regions","29,082,433",""
"2015","CY","Cyprus","JAN","Population on 1 January - total ","URB","Predominantly urban regions",":",""
"2015","LV","Latvia","JAN","Population on 1 January - total ","URB","Predominantly urban regions","1,008,616",""
"2015","LT","Lithuania","JAN","Population on 1 January - total ","URB","Predominantly urban regions","807,523",""
"2015","LU","Luxembourg","JAN","Population on 1 January - total ","URB","Predominantly urban regions",":",""
"2015","HU","Hungary","JAN","Population on 1 January - total ","URB","Predominantly urban regions","1,757,618",""
"2015","MT","Malta","JAN","Population on 1 January - total ","URB","Predominantly urban regions","429,344",""
"2015","NL","Netherlands","JAN","Population on 1 January - total ","URB","Predominantly urban regions","12,488,663",""
"2015","AT","Austria","JAN","Population on 1 January - total ","URB","Predominantly urban regions","2,699,308",""
"2015","PL","Poland","JAN","Population on 1 January - total ","URB","Predominantly urban regions","9,674,617",""
"2015","PT","Portugal","JAN","Population on 1 January - total ","URB","Predominantly urban regions","4,799,208","e"
"2015","RO","Romania","JAN","Population on 1 January - total ","URB","Predominantly urban regions","2,592,376","e"
"2015","SI","Slovenia","JAN","Population on 1 January - total ","URB","Predominantly urban regions",":",""
"2015","SK","Slovakia","JAN","Population on 1 January - total ","URB","Predominantly urban regions","625,167",""
"2015","FI","Finland","JAN","Population on 1 January - total ","URB","Predominantly urban regions","1,603,388",""
"2015","SE","Sweden","JAN","Population on 1 January - total ","URB","Predominantly urban regions","4,882,806",""
"2015","UK","United Kingdom","JAN","Population on 1 January - total ","URB","Predominantly urban regions","48,395,473","e"
"2015","IS","Iceland","JAN","Population on 1 January - total ","URB","Predominantly urban regions","211,282",""
"2015","LI","Liechtenstein","JAN","Population on 1 January - total ","URB","Predominantly urban regions","37,366",""
"2015","NO","Norway","JAN","Population on 1 January - total ","URB","Predominantly urban regions","1,542,947",""
"2015","CH","Switzerland","JAN","Population on 1 January - total ","URB","Predominantly urban regions","4,991,666",""
"2015","MK","Former Yugoslav Republic of Macedonia, the","JAN","Population on 1 January - total ","URB","Predominantly urban regions","1,290,527",""
"2015","TR","Turkey","JAN","Population on 1 January - total ","URB","Predominantly urban regions","25,961,753",""
