"TIME","GEO","UNIT","LANDUSE","TERRTYPO","Value","Flag and Footnotes"
"2011","Belgium","Square kilometre","Total area","Predominantly urban regions","7,246",""
"2011","Bulgaria","Square kilometre","Total area","Predominantly urban regions","1,285","b"
"2011","Czech Republic","Square kilometre","Total area","Predominantly urban regions","11,511.4",""
"2011","Denmark","Square kilometre","Total area","Predominantly urban regions","509.1",""
"2011","Germany (until 1990 former territory of the FRG)","Square kilometre","Total area","Predominantly urban regions","41,889.4",""
"2011","Estonia","Square kilometre","Total area","Predominantly urban regions","4,333",""
"2011","Ireland","Square kilometre","Total area","Predominantly urban regions","921",""
"2011","Greece","Square kilometre","Total area","Predominantly urban regions","7,496","b"
"2011","Spain","Square kilometre","Total area","Predominantly urban regions","118,007.4",""
"2011","France","Square kilometre","Total area","Predominantly urban regions","47,599.6",""
"2011","Croatia","Square kilometre","Total area","Predominantly urban regions",":",""
"2011","Italy","Square kilometre","Total area","Predominantly urban regions","64,977.7",""
"2011","Cyprus","Square kilometre","Total area","Predominantly urban regions",":",""
"2011","Latvia","Square kilometre","Total area","Predominantly urban regions","10,437",""
"2011","Lithuania","Square kilometre","Total area","Predominantly urban regions","9,731",""
"2011","Luxembourg","Square kilometre","Total area","Predominantly urban regions",":",""
"2011","Hungary","Square kilometre","Total area","Predominantly urban regions","525.1",""
"2011","Malta","Square kilometre","Total area","Predominantly urban regions","316",""
"2011","Netherlands","Square kilometre","Total area","Predominantly urban regions","20,049.4",""
"2011","Austria","Square kilometre","Total area","Predominantly urban regions","5,959.9",""
"2011","Poland","Square kilometre","Total area","Predominantly urban regions","15,425",""
"2011","Portugal","Square kilometre","Total area","Predominantly urban regions",":",""
"2011","Romania","Square kilometre","Total area","Predominantly urban regions","6,586.8",""
"2011","Slovenia","Square kilometre","Total area","Predominantly urban regions",":",""
"2011","Slovakia","Square kilometre","Total area","Predominantly urban regions","2,052.5",""
"2011","Finland","Square kilometre","Total area","Predominantly urban regions","9,567.9",""
"2011","Sweden","Square kilometre","Total area","Predominantly urban regions","57,642",""
"2011","United Kingdom","Square kilometre","Total area","Predominantly urban regions","70,022.4",""
"2011","Iceland","Square kilometre","Total area","Predominantly urban regions","993",""
"2011","Liechtenstein","Square kilometre","Total area","Predominantly urban regions","160.5",""
"2011","Norway","Square kilometre","Total area","Predominantly urban regions","24,228",""
"2011","Switzerland","Square kilometre","Total area","Predominantly urban regions","13,108.4",""
"2011","Former Yugoslav Republic of Macedonia, the","Square kilometre","Total area","Predominantly urban regions",":",""
"2011","Turkey","Square kilometre","Total area","Predominantly urban regions","49,668",""
"2012","Belgium","Square kilometre","Total area","Predominantly urban regions","7,246",""
"2012","Bulgaria","Square kilometre","Total area","Predominantly urban regions","1,284.9",""
"2012","Czech Republic","Square kilometre","Total area","Predominantly urban regions","11,511.4",""
"2012","Denmark","Square kilometre","Total area","Predominantly urban regions","509.2",""
"2012","Germany (until 1990 former territory of the FRG)","Square kilometre","Total area","Predominantly urban regions","41,890.5",""
"2012","Estonia","Square kilometre","Total area","Predominantly urban regions","4,333",""
"2012","Ireland","Square kilometre","Total area","Predominantly urban regions","921",""
"2012","Greece","Square kilometre","Total area","Predominantly urban regions","7,496",""
"2012","Spain","Square kilometre","Total area","Predominantly urban regions","118,007.4",""
"2012","France","Square kilometre","Total area","Predominantly urban regions","47,599.6",""
"2012","Croatia","Square kilometre","Total area","Predominantly urban regions",":",""
"2012","Italy","Square kilometre","Total area","Predominantly urban regions","64,977.7",""
"2012","Cyprus","Square kilometre","Total area","Predominantly urban regions",":",""
"2012","Latvia","Square kilometre","Total area","Predominantly urban regions","10,437",""
"2012","Lithuania","Square kilometre","Total area","Predominantly urban regions","9,731",""
"2012","Luxembourg","Square kilometre","Total area","Predominantly urban regions",":",""
"2012","Hungary","Square kilometre","Total area","Predominantly urban regions","525.1",""
"2012","Malta","Square kilometre","Total area","Predominantly urban regions","316",""
"2012","Netherlands","Square kilometre","Total area","Predominantly urban regions","20,047.8",""
"2012","Austria","Square kilometre","Total area","Predominantly urban regions","5,960",""
"2012","Poland","Square kilometre","Total area","Predominantly urban regions","15,425",""
"2012","Portugal","Square kilometre","Total area","Predominantly urban regions",":",""
"2012","Romania","Square kilometre","Total area","Predominantly urban regions","6,587",""
"2012","Slovenia","Square kilometre","Total area","Predominantly urban regions",":",""
"2012","Slovakia","Square kilometre","Total area","Predominantly urban regions","2,053",""
"2012","Finland","Square kilometre","Total area","Predominantly urban regions","9,567.7",""
"2012","Sweden","Square kilometre","Total area","Predominantly urban regions","57,365","b"
"2012","United Kingdom","Square kilometre","Total area","Predominantly urban regions","70,022.4",""
"2012","Iceland","Square kilometre","Total area","Predominantly urban regions","993",""
"2012","Liechtenstein","Square kilometre","Total area","Predominantly urban regions","160.5",""
"2012","Norway","Square kilometre","Total area","Predominantly urban regions","24,228",""
"2012","Switzerland","Square kilometre","Total area","Predominantly urban regions","13,108.4",""
"2012","Former Yugoslav Republic of Macedonia, the","Square kilometre","Total area","Predominantly urban regions",":",""
"2012","Turkey","Square kilometre","Total area","Predominantly urban regions","49,668",""
"2013","Belgium","Square kilometre","Total area","Predominantly urban regions","7,246",""
"2013","Bulgaria","Square kilometre","Total area","Predominantly urban regions","1,284.9",""
"2013","Czech Republic","Square kilometre","Total area","Predominantly urban regions","11,511.7",""
"2013","Denmark","Square kilometre","Total area","Predominantly urban regions","511.9",""
"2013","Germany (until 1990 former territory of the FRG)","Square kilometre","Total area","Predominantly urban regions","41,894.6",""
"2013","Estonia","Square kilometre","Total area","Predominantly urban regions","4,333",""
"2013","Ireland","Square kilometre","Total area","Predominantly urban regions","921",""
"2013","Greece","Square kilometre","Total area","Predominantly urban regions","7,496",""
"2013","Spain","Square kilometre","Total area","Predominantly urban regions","118,007.4",""
"2013","France","Square kilometre","Total area","Predominantly urban regions","47,599.6",""
"2013","Croatia","Square kilometre","Total area","Predominantly urban regions",":",""
"2013","Italy","Square kilometre","Total area","Predominantly urban regions","65,202","b"
"2013","Cyprus","Square kilometre","Total area","Predominantly urban regions",":",""
"2013","Latvia","Square kilometre","Total area","Predominantly urban regions","10,439",""
"2013","Lithuania","Square kilometre","Total area","Predominantly urban regions","9,731",""
"2013","Luxembourg","Square kilometre","Total area","Predominantly urban regions",":",""
"2013","Hungary","Square kilometre","Total area","Predominantly urban regions","525.1",""
"2013","Malta","Square kilometre","Total area","Predominantly urban regions","316",""
"2013","Netherlands","Square kilometre","Total area","Predominantly urban regions","20,047.8",""
"2013","Austria","Square kilometre","Total area","Predominantly urban regions","5,960",""
"2013","Poland","Square kilometre","Total area","Predominantly urban regions","15,425",""
"2013","Portugal","Square kilometre","Total area","Predominantly urban regions",":",""
"2013","Romania","Square kilometre","Total area","Predominantly urban regions","6,587",""
"2013","Slovenia","Square kilometre","Total area","Predominantly urban regions",":",""
"2013","Slovakia","Square kilometre","Total area","Predominantly urban regions","2,053",""
"2013","Finland","Square kilometre","Total area","Predominantly urban regions","9,568",""
"2013","Sweden","Square kilometre","Total area","Predominantly urban regions","57,365.4",""
"2013","United Kingdom","Square kilometre","Total area","Predominantly urban regions","70,022.4",""
"2013","Iceland","Square kilometre","Total area","Predominantly urban regions","993",""
"2013","Liechtenstein","Square kilometre","Total area","Predominantly urban regions","160.5",""
"2013","Norway","Square kilometre","Total area","Predominantly urban regions","24,211.4",""
"2013","Switzerland","Square kilometre","Total area","Predominantly urban regions","13,108.4",""
"2013","Former Yugoslav Republic of Macedonia, the","Square kilometre","Total area","Predominantly urban regions",":",""
"2013","Turkey","Square kilometre","Total area","Predominantly urban regions","49,668",""
"2014","Belgium","Square kilometre","Total area","Predominantly urban regions","7,246",""
"2014","Bulgaria","Square kilometre","Total area","Predominantly urban regions","1,349",""
"2014","Czech Republic","Square kilometre","Total area","Predominantly urban regions","11,511",""
"2014","Denmark","Square kilometre","Total area","Predominantly urban regions","521",""
"2014","Germany (until 1990 former territory of the FRG)","Square kilometre","Total area","Predominantly urban regions","41,891",""
"2014","Estonia","Square kilometre","Total area","Predominantly urban regions","4,333",""
"2014","Ireland","Square kilometre","Total area","Predominantly urban regions","921",""
"2014","Greece","Square kilometre","Total area","Predominantly urban regions","7,496",""
"2014","Spain","Square kilometre","Total area","Predominantly urban regions","118,050",""
"2014","France","Square kilometre","Total area","Predominantly urban regions","47,599.6",""
"2014","Croatia","Square kilometre","Total area","Predominantly urban regions",":",""
"2014","Italy","Square kilometre","Total area","Predominantly urban regions","65,202",""
"2014","Cyprus","Square kilometre","Total area","Predominantly urban regions",":",""
"2014","Latvia","Square kilometre","Total area","Predominantly urban regions","10,439",""
"2014","Lithuania","Square kilometre","Total area","Predominantly urban regions","9,731",""
"2014","Luxembourg","Square kilometre","Total area","Predominantly urban regions",":",""
"2014","Hungary","Square kilometre","Total area","Predominantly urban regions","525",""
"2014","Malta","Square kilometre","Total area","Predominantly urban regions","316",""
"2014","Netherlands","Square kilometre","Total area","Predominantly urban regions","20,046",""
"2014","Austria","Square kilometre","Total area","Predominantly urban regions","5,960",""
"2014","Poland","Square kilometre","Total area","Predominantly urban regions","15,424",""
"2014","Portugal","Square kilometre","Total area","Predominantly urban regions",":",""
"2014","Romania","Square kilometre","Total area","Predominantly urban regions","6,587",""
"2014","Slovenia","Square kilometre","Total area","Predominantly urban regions",":",""
"2014","Slovakia","Square kilometre","Total area","Predominantly urban regions","2,053",""
"2014","Finland","Square kilometre","Total area","Predominantly urban regions","9,568",""
"2014","Sweden","Square kilometre","Total area","Predominantly urban regions","57,366",""
"2014","United Kingdom","Square kilometre","Total area","Predominantly urban regions","70,022.4",""
"2014","Iceland","Square kilometre","Total area","Predominantly urban regions","993",""
"2014","Liechtenstein","Square kilometre","Total area","Predominantly urban regions","160",""
"2014","Norway","Square kilometre","Total area","Predominantly urban regions","24,211",""
"2014","Switzerland","Square kilometre","Total area","Predominantly urban regions","13,108.4",""
"2014","Former Yugoslav Republic of Macedonia, the","Square kilometre","Total area","Predominantly urban regions",":",""
"2014","Turkey","Square kilometre","Total area","Predominantly urban regions","49,668",""
"2015","Belgium","Square kilometre","Total area","Predominantly urban regions","7,246",""
"2015","Bulgaria","Square kilometre","Total area","Predominantly urban regions","1,329",""
"2015","Czech Republic","Square kilometre","Total area","Predominantly urban regions","11,512",""
"2015","Denmark","Square kilometre","Total area","Predominantly urban regions","521",""
"2015","Germany (until 1990 former territory of the FRG)","Square kilometre","Total area","Predominantly urban regions","41,891",""
"2015","Estonia","Square kilometre","Total area","Predominantly urban regions","4,333",""
"2015","Ireland","Square kilometre","Total area","Predominantly urban regions","921",""
"2015","Greece","Square kilometre","Total area","Predominantly urban regions","7,496",""
"2015","Spain","Square kilometre","Total area","Predominantly urban regions","118,002",""
"2015","France","Square kilometre","Total area","Predominantly urban regions","47,599.6",""
"2015","Croatia","Square kilometre","Total area","Predominantly urban regions",":",""
"2015","Italy","Square kilometre","Total area","Predominantly urban regions","65,202",""
"2015","Cyprus","Square kilometre","Total area","Predominantly urban regions",":",""
"2015","Latvia","Square kilometre","Total area","Predominantly urban regions","10,439",""
"2015","Lithuania","Square kilometre","Total area","Predominantly urban regions","9,730",""
"2015","Luxembourg","Square kilometre","Total area","Predominantly urban regions",":",""
"2015","Hungary","Square kilometre","Total area","Predominantly urban regions","525",""
"2015","Malta","Square kilometre","Total area","Predominantly urban regions","315.4",""
"2015","Netherlands","Square kilometre","Total area","Predominantly urban regions","20,046",""
"2015","Austria","Square kilometre","Total area","Predominantly urban regions","5,960",""
"2015","Poland","Square kilometre","Total area","Predominantly urban regions","15,424",""
"2015","Portugal","Square kilometre","Total area","Predominantly urban regions","5,858",""
"2015","Romania","Square kilometre","Total area","Predominantly urban regions","6,587",""
"2015","Slovenia","Square kilometre","Total area","Predominantly urban regions",":",""
"2015","Slovakia","Square kilometre","Total area","Predominantly urban regions","2,053",""
"2015","Finland","Square kilometre","Total area","Predominantly urban regions","9,568",""
"2015","Sweden","Square kilometre","Total area","Predominantly urban regions","57,366",""
"2015","United Kingdom","Square kilometre","Total area","Predominantly urban regions","70,013",""
"2015","Iceland","Square kilometre","Total area","Predominantly urban regions","993",""
"2015","Liechtenstein","Square kilometre","Total area","Predominantly urban regions","160",""
"2015","Norway","Square kilometre","Total area","Predominantly urban regions","24,211",""
"2015","Switzerland","Square kilometre","Total area","Predominantly urban regions","13,113",""
"2015","Former Yugoslav Republic of Macedonia, the","Square kilometre","Total area","Predominantly urban regions",":",""
"2015","Turkey","Square kilometre","Total area","Predominantly urban regions","49,668",""
