"TIME","GEO","TERRTYPO","Value","Flag and Footnotes"
"2009","Belgium","Predominantly urban regions","698.0",""
"2009","Bulgaria","Predominantly urban regions","947.9",""
"2009","Czech Republic","Predominantly urban regions","217.9",""
"2009","Denmark","Predominantly urban regions","2,275.1",""
"2009","Germany (until 1990 former territory of the FRG)","Predominantly urban regions",":",""
"2009","Estonia","Predominantly urban regions","127.9",""
"2009","Ireland","Predominantly urban regions","1,372.1",""
"2009","Greece","Predominantly urban regions","698.5",""
"2009","Spain","Predominantly urban regions","274.3",""
"2009","France","Predominantly urban regions","450.1",""
"2009","Croatia","Predominantly urban regions","1,226.2",""
"2009","Italy","Predominantly urban regions","549.3",""
"2009","Cyprus","Predominantly urban regions",":","z"
"2009","Latvia","Predominantly urban regions","105.4",""
"2009","Lithuania","Predominantly urban regions","87.6",""
"2009","Luxembourg","Predominantly urban regions",":","z"
"2009","Hungary","Predominantly urban regions","3,269.4",""
"2009","Malta","Predominantly urban regions","1,305.3",""
"2009","Netherlands","Predominantly urban regions","743.2",""
"2009","Austria","Predominantly urban regions","394.3",""
"2009","Poland","Predominantly urban regions","370.0",""
"2009","Portugal","Predominantly urban regions","772.5",""
"2009","Romania","Predominantly urban regions","1,283.4",""
"2009","Slovenia","Predominantly urban regions",":","z"
"2009","Slovakia","Predominantly urban regions","290.6",""
"2009","Finland","Predominantly urban regions","165.3",""
"2009","Sweden","Predominantly urban regions","306.8",""
"2009","United Kingdom","Predominantly urban regions","680.0",""
"2009","Iceland","Predominantly urban regions","204.1",""
"2009","Liechtenstein","Predominantly urban regions",":","z"
"2009","Norway","Predominantly urban regions","220.6",""
"2009","Switzerland","Predominantly urban regions","727.8",""
"2009","Former Yugoslav Republic of Macedonia, the","Predominantly urban regions","330.7",""
"2009","Turkey","Predominantly urban regions","480.3",""
"2010","Belgium","Predominantly urban regions","700.8",""
"2010","Bulgaria","Predominantly urban regions","986.0",""
"2010","Czech Republic","Predominantly urban regions","220.3",""
"2010","Denmark","Predominantly urban regions","2,308.0",""
"2010","Germany (until 1990 former territory of the FRG)","Predominantly urban regions",":",""
"2010","Estonia","Predominantly urban regions","129.1",""
"2010","Ireland","Predominantly urban regions","1,374.4",""
"2010","Greece","Predominantly urban regions","698.4",""
"2010","Spain","Predominantly urban regions","275.7",""
"2010","France","Predominantly urban regions","452.6",""
"2010","Croatia","Predominantly urban regions","1,230.2",""
"2010","Italy","Predominantly urban regions","551.7",""
"2010","Cyprus","Predominantly urban regions",":","z"
"2010","Latvia","Predominantly urban regions","103.8",""
"2010","Lithuania","Predominantly urban regions","86.8",""
"2010","Luxembourg","Predominantly urban regions",":","z"
"2010","Hungary","Predominantly urban regions","3,289.9",""
"2010","Malta","Predominantly urban regions","1,311.7",""
"2010","Netherlands","Predominantly urban regions","747.7",""
"2010","Austria","Predominantly urban regions","397.2",""
"2010","Poland","Predominantly urban regions","367.6",""
"2010","Portugal","Predominantly urban regions","767.4",""
"2010","Romania","Predominantly urban regions","1,287.3",""
"2010","Slovenia","Predominantly urban regions",":","z"
"2010","Slovakia","Predominantly urban regions","291.8",""
"2010","Finland","Predominantly urban regions","167.6",""
"2010","Sweden","Predominantly urban regions","312.4",""
"2010","United Kingdom","Predominantly urban regions","685.9",""
"2010","Iceland","Predominantly urban regions","204.7",""
"2010","Liechtenstein","Predominantly urban regions",":","z"
"2010","Norway","Predominantly urban regions","224.7",""
"2010","Switzerland","Predominantly urban regions","736.7",""
"2010","Former Yugoslav Republic of Macedonia, the","Predominantly urban regions","332.4",""
"2010","Turkey","Predominantly urban regions","490.6",""
"2011","Belgium","Predominantly urban regions","716.2",""
"2011","Bulgaria","Predominantly urban regions","1,047.2","b"
"2011","Czech Republic","Predominantly urban regions","222.3",""
"2011","Denmark","Predominantly urban regions","2,391.0",""
"2011","Germany (until 1990 former territory of the FRG)","Predominantly urban regions","857.8",""
"2011","Estonia","Predominantly urban regions","130.3",""
"2011","Ireland","Predominantly urban regions","1,376.1",""
"2011","Greece","Predominantly urban regions","695.7",""
"2011","Spain","Predominantly urban regions","276.9",""
"2011","France","Predominantly urban regions","455.2",""
"2011","Croatia","Predominantly urban regions","1,233.6",""
"2011","Italy","Predominantly urban regions","553.3",""
"2011","Cyprus","Predominantly urban regions",":","z"
"2011","Latvia","Predominantly urban regions","102.5",""
"2011","Lithuania","Predominantly urban regions","85.8",""
"2011","Luxembourg","Predominantly urban regions",":","z"
"2011","Hungary","Predominantly urban regions","3,307.5",""
"2011","Malta","Predominantly urban regions","1,317.3",""
"2011","Netherlands","Predominantly urban regions","752.0","s"
"2011","Austria","Predominantly urban regions","400.1",""
"2011","Poland","Predominantly urban regions","368.1",""
"2011","Portugal","Predominantly urban regions","768.1",""
"2011","Romania","Predominantly urban regions","1,288.3",""
"2011","Slovenia","Predominantly urban regions",":","z"
"2011","Slovakia","Predominantly urban regions","293.9",""
"2011","Finland","Predominantly urban regions","169.4",""
"2011","Sweden","Predominantly urban regions","318.0",""
"2011","United Kingdom","Predominantly urban regions","691.7",""
"2011","Iceland","Predominantly urban regions","206.1",""
"2011","Liechtenstein","Predominantly urban regions",":","z"
"2011","Norway","Predominantly urban regions","229.3",""
"2011","Switzerland","Predominantly urban regions","746.0",""
"2011","Former Yugoslav Republic of Macedonia, the","Predominantly urban regions","334.2",""
"2011","Turkey","Predominantly urban regions","502.1",""
"2012","Belgium","Predominantly urban regions","721.8",""
"2012","Bulgaria","Predominantly urban regions","1,051.4",""
"2012","Czech Republic","Predominantly urban regions","224.0",""
"2012","Denmark","Predominantly urban regions","2,422.7",""
"2012","Germany (until 1990 former territory of the FRG)","Predominantly urban regions","862.0",""
"2012","Estonia","Predominantly urban regions","130.9",""
"2012","Ireland","Predominantly urban regions","1,376.8",""
"2012","Greece","Predominantly urban regions","689.6",""
"2012","Spain","Predominantly urban regions","277.4",""
"2012","France","Predominantly urban regions","457.7",""
"2012","Croatia","Predominantly urban regions","1,237.1",""
"2012","Italy","Predominantly urban regions","555.5",""
"2012","Cyprus","Predominantly urban regions",":","z"
"2012","Latvia","Predominantly urban regions","101.6",""
"2012","Lithuania","Predominantly urban regions","85.5",""
"2012","Luxembourg","Predominantly urban regions",":","z"
"2012","Hungary","Predominantly urban regions","3,297.7",""
"2012","Malta","Predominantly urban regions","1,327.4",""
"2012","Netherlands","Predominantly urban regions","756.4",""
"2012","Austria","Predominantly urban regions","404.1",""
"2012","Poland","Predominantly urban regions","368.5",""
"2012","Portugal","Predominantly urban regions","766.5","bp"
"2012","Romania","Predominantly urban regions","1,297.0",""
"2012","Slovenia","Predominantly urban regions",":","z"
"2012","Slovakia","Predominantly urban regions","296.9",""
"2012","Finland","Predominantly urban regions","171.3",""
"2012","Sweden","Predominantly urban regions","323.2","b"
"2012","United Kingdom","Predominantly urban regions","696.9",""
"2012","Iceland","Predominantly urban regions","207.8",""
"2012","Liechtenstein","Predominantly urban regions",":","z"
"2012","Norway","Predominantly urban regions","235.8",""
"2012","Switzerland","Predominantly urban regions","754.0",""
"2012","Former Yugoslav Republic of Macedonia, the","Predominantly urban regions","336.0",""
"2012","Turkey","Predominantly urban regions","511.5",""
"2013","Belgium","Predominantly urban regions","725.7",""
"2013","Bulgaria","Predominantly urban regions","1,056.7",""
"2013","Czech Republic","Predominantly urban regions","225.1",""
"2013","Denmark","Predominantly urban regions","2,443.1",""
"2013","Germany (until 1990 former territory of the FRG)","Predominantly urban regions","866.6",""
"2013","Estonia","Predominantly urban regions","131.6",""
"2013","Ireland","Predominantly urban regions","1,381.7",""
"2013","Greece","Predominantly urban regions","681.9",""
"2013","Spain","Predominantly urban regions","276.8",""
"2013","France","Predominantly urban regions","460.1",""
"2013","Croatia","Predominantly urban regions","1,241.0",""
"2013","Italy","Predominantly urban regions","565.1","b"
"2013","Cyprus","Predominantly urban regions",":","z"
"2013","Latvia","Predominantly urban regions","101.1",""
"2013","Lithuania","Predominantly urban regions","85.5",""
"2013","Luxembourg","Predominantly urban regions",":","z"
"2013","Hungary","Predominantly urban regions","3,313.8",""
"2013","Malta","Predominantly urban regions","1,339.8",""
"2013","Netherlands","Predominantly urban regions","759.5",""
"2013","Austria","Predominantly urban regions","409.0",""
"2013","Poland","Predominantly urban regions","368.7",""
"2013","Portugal","Predominantly urban regions","763.3",""
"2013","Romania","Predominantly urban regions","1,297.7",""
"2013","Slovenia","Predominantly urban regions",":","z"
"2013","Slovakia","Predominantly urban regions","299.8",""
"2013","Finland","Predominantly urban regions","173.3",""
"2013","Sweden","Predominantly urban regions","328.7",""
"2013","United Kingdom","Predominantly urban regions","701.7",""
"2013","Iceland","Predominantly urban regions","210.4",""
"2013","Liechtenstein","Predominantly urban regions",":","z"
"2013","Norway","Predominantly urban regions","239.8",""
"2013","Switzerland","Predominantly urban regions","762.5",""
"2013","Former Yugoslav Republic of Macedonia, the","Predominantly urban regions","337.8",""
"2013","Turkey","Predominantly urban regions","520.2",""
